{
	"class_name" : "PinholeCameraParameters",
	"extrinsic" : 
	[
		0.99948792492256988,
		-0.0070565480418738526,
		-0.031210464009817411,
		0.0,
		-0.0063775724023223488,
		-0.99974198720055707,
		0.02180104581285696,
		0.0,
		-0.031356251437767844,
		-0.021590835046701593,
		-0.99927504789109878,
		0.0,
		2.8052352679743189,
		-41.536396515869342,
		299.51295601272551,
		1.0
	],
	"intrinsic" : 
	{
		"height" : 1016,
		"intrinsic_matrix" : 
		[
			879.88181024498977,
			0.0,
			0.0,
			0.0,
			879.88181024498977,
			0.0,
			929.5,
			507.5,
			1.0
		],
		"width" : 1860
	},
	"version_major" : 1,
	"version_minor" : 0
}